<?xml version='1.0' encoding='utf-8'?>
<text title="SAMSON.">
  <p>
    <s id="s-1" lang="ang">
      <w id="s-1-w-1" pos="A-" lemma="Ān" norm="An">Ān</w>
      <w id="s-1-w-2" pos="NB" lemma="mann" norm="mann">mann</w>
      <w id="s-1-w-3" pos="V-" lemma="beon" norm="waes">wæs</w>
      <w id="s-1-w-4" pos="V-" lemma="eardian" norm="eardiende">eardiende</w>
      <w id="s-1-w-5" pos="R-" lemma="on" norm="on">on</w>
      <w id="s-1-w-6" pos="NE" lemma="Israhēla" norm="Israhela">Israhēla</w>
      <w id="s-1-w-7" pos="V-" lemma="þeod" norm="theode">þēode</w>
      <w id="s-1-w-8" pos="A-" lemma="," norm="">,</w>
      <w id="s-1-w-9" pos="NE" lemma="Manuē" norm="Manue">Manuē</w>
      <w id="s-1-w-10" pos="V-" lemma="gehatan" norm="gehaten">ġehāten</w>
      <w id="s-1-w-11" pos="NB" lemma="," norm="">,</w>
      <w id="s-1-w-12" pos="R-" lemma="of" norm="of">of</w>
      <w id="s-1-w-13" pos="PD" lemma="þǣre" norm="thaere">þǣre</w>
      <w id="s-1-w-14" pos="NB" lemma="mægþ" norm="maegthe">mǣġþe</w>
      <w id="s-1-w-15" pos="NE" lemma="da" norm="Dan">Dan</w>
      <w id="s-1-w-16" pos="NE" lemma=";" norm="">;</w>
      <w id="s-1-w-17" pos="PS" lemma="he" norm="his">his</w>
      <w id="s-1-w-18" pos="NB" lemma="wif" norm="wif">wīf</w>
      <w id="s-1-w-19" pos="V-" lemma="beon" norm="waes">wæs</w>
      <w id="s-1-w-20" pos="A-" lemma="un" norm="un">un</w>
      <w id="s-1-w-21" pos="A-" lemma="crist" norm="">-</w>
      <w id="s-1-w-22" pos="PY" lemma="tīemend" norm="tiemend">tīemend</w>
      <w id="s-1-w-23" pos="NB" lemma="," norm="">,</w>
      <w id="s-1-w-24" pos="C-" lemma="and" norm="and">and</w>
      <w id="s-1-w-25" pos="NB" lemma="hīe" norm="hie">hīe</w>
      <w id="s-1-w-26" pos="V-" lemma="wunian" norm="wunodon">wunodon</w>
      <w id="s-1-w-27" pos="R-" lemma="būtan" norm="butan">būtan</w>
      <w id="s-1-w-28" pos="NE" lemma="cild" norm="cilde">ċilde</w>
      <w id="s-1-w-29" pos="NB" lemma="." norm="">.</w>
    </s>
    <s id="s-2" lang="ang">
      <w id="s-2-w-1" pos="PP" lemma="he" norm="Him">Him</w>
      <w id="s-2-w-2" pos="V-" lemma="cuman" norm="com">cōm</w>
      <w id="s-2-w-3" pos="DF" lemma="þā" norm="tha">þā</w>
      <w id="s-2-w-4" pos="V-" lemma="gan" norm="gangende">gangende</w>
      <w id="s-2-w-5" pos="PY" lemma="tō" norm="to">tō</w>
      <w id="s-2-w-6" pos="NE" lemma="god" norm="Godes">Godes</w>
      <w id="s-2-w-7" pos="NB" lemma="ęnġel" norm="engel">ęnġel</w>
      <w id="s-2-w-8" pos="NB" lemma="," norm="">,</w>
      <w id="s-2-w-9" pos="C-" lemma="and" norm="and">and</w>
      <w id="s-2-w-10" pos="V-" lemma="cweþan" norm="cwaeth">cwæþ</w>
      <w id="s-2-w-11" pos="PD" lemma="þæt" norm="thaet">þæt</w>
      <w id="s-2-w-12" pos="NB" lemma="hīe" norm="hie">hīe</w>
      <w id="s-2-w-13" pos="V-" lemma="sculan" norm="scolden">scolden</w>
      <w id="s-2-w-14" pos="V-" lemma="habban" norm="habban">habban</w>
      <w id="s-2-w-15" pos="NB" lemma="sunu" norm="sunu">sunu</w>
      <w id="s-2-w-16" pos="PP" lemma="he" norm="him">him</w>
      <w id="s-2-w-17" pos="NE" lemma="ġemǣnne" norm="gemaenne">ġemǣnne</w>
      <w id="s-2-w-18" pos="NE" lemma=";" norm="">;</w>
      <w id="s-2-w-19" pos="NB" lemma="'" norm="">'</w>
      <w id="s-2-w-20" pos="DF" lemma="ne" norm="ne">ne</w>
      <w id="s-2-w-21" pos="V-" lemma="hē" norm="he">hē</w>
      <w id="s-2-w-22" pos="NB" lemma="ealu" norm="ealu">ealu</w>
      <w id="s-2-w-23" pos="DF" lemma="ne" norm="ne">ne</w>
      <w id="s-2-w-24" pos="V-" lemma="drincan" norm="drince">drince</w>
      <w id="s-2-w-25" pos="DF" lemma="nǣfre" norm="naefre">nǣfre</w>
      <w id="s-2-w-26" pos="C-" lemma="oððe" norm="oththe">oþþe</w>
      <w id="s-2-w-27" pos="NB" lemma="win" norm="win">wīn</w>
      <w id="s-2-w-28" pos="NB" lemma="," norm="">,</w>
      <w id="s-2-w-29" pos="DF" lemma="ne" norm="ne">ne</w>
      <w id="s-2-w-30" pos="V-" lemma="nagan" norm="naht">nāht</w>
      <w id="s-2-w-31" pos="NB" lemma="ful" norm="fules">fūles</w>
      <w id="s-2-w-32" pos="DF" lemma="ne" norm="ne">ne</w>
      <w id="s-2-w-33" pos="V-" lemma="þicgan" norm="thicge">þiċġe</w>
      <w id="s-2-w-34" pos="NE" lemma=";" norm="">;</w>
      <w id="s-2-w-35" pos="NB" lemma="sē" norm="se">sē</w>
      <w id="s-2-w-36" pos="V-" lemma="beon" norm="bith">biþ</w>
      <w id="s-2-w-37" pos="NE" lemma="god" norm="Gode">Gode</w>
      <w id="s-2-w-38" pos="NB" lemma="hāliġ" norm="halig">hāliġ</w>
      <w id="s-2-w-39" pos="R-" lemma="fram" norm="fram">fram</w>
      <w id="s-2-w-40" pos="PS" lemma="he" norm="his">his</w>
      <w id="s-2-w-41" pos="NB" lemma="ċildhāde" norm="cildhade">ċildhāde</w>
      <w id="s-2-w-42" pos="NE" lemma=";" norm="">;</w>
      <w id="s-2-w-43" pos="C-" lemma="and" norm="and">and</w>
      <w id="s-2-w-44" pos="NB" lemma="man" norm="man">man</w>
      <w id="s-2-w-45" pos="DF" lemma="ne" norm="ne">ne</w>
      <w id="s-2-w-46" pos="V-" lemma="mot" norm="mot">mōt</w>
      <w id="s-2-w-47" pos="PP" lemma="he" norm="hine">hine</w>
      <w id="s-2-w-48" pos="V-" lemma="ęfsian" norm="efsian">ęfsian</w>
      <w id="s-2-w-49" pos="C-" lemma="oððe" norm="oththe">oþþe</w>
      <w id="s-2-w-50" pos="R-" lemma="bescieran" norm="bescieran">besċieran</w>
      <w id="s-2-w-51" pos="NB" lemma="," norm="">,</w>
      <w id="s-2-w-52" pos="R-" lemma="for" norm="for">for</w>
      <w id="s-2-w-53" pos="PD" lemma="þǣm" norm="thaem">þǣm</w>
      <w id="s-2-w-54" pos="G-" lemma="þe" norm="the">þe</w>
      <w id="s-2-w-55" pos="NB" lemma="hē" norm="he">hē</w>
      <w id="s-2-w-56" pos="V-" lemma="onġinþ" norm="onginth">onġinþ</w>
      <w id="s-2-w-57" pos="N-" lemma="tō" norm="to">tō</w>
      <w id="s-2-w-58" pos="V-" lemma="aliesan" norm="aliesenne">ālīesenne</w>
      <w id="s-2-w-59" pos="PS" lemma="he" norm="his">his</w>
      <w id="s-2-w-60" pos="NB" lemma="folc" norm="folc">folc</w>
      <w id="s-2-w-61" pos="NE" lemma="," norm="">,</w>
      <w id="s-2-w-62" pos="NE" lemma="Israhēla" norm="Israhela">Israhēla</w>
      <w id="s-2-w-63" pos="V-" lemma="þeod" norm="theode">þēode</w>
      <w id="s-2-w-64" pos="NB" lemma="," norm="">,</w>
      <w id="s-2-w-65" pos="R-" lemma="of" norm="of">of</w>
      <w id="s-2-w-66" pos="NE" lemma="Philistēa" norm="Philistea">Philistēa</w>
      <w id="s-2-w-67" pos="PD" lemma="þēowte" norm="theowte">þēowte</w>
      <w id="s-2-w-68" pos="NB" lemma=".'" norm="">.'</w>
    </s>
  </p>
  <p>
    <s id="s-1" lang="ang">
      <w id="s-1-w-1" pos="PP" lemma="Hēo" norm="Heo">Hēo</w>
      <w id="s-1-w-2" pos="V-" lemma="ācęnde" norm="acende">ācęnde</w>
      <w id="s-1-w-3" pos="PS" lemma="þā" norm="tha">þā</w>
      <w id="s-1-w-4" pos="NB" lemma="sunu" norm="sunu">sunu</w>
      <w id="s-1-w-5" pos="NE" lemma="," norm="">,</w>
      <w id="s-1-w-6" pos="NB" lemma="swā" norm="swa">swā</w>
      <w id="s-1-w-7" pos="A-" lemma="swā" norm="swa">swā</w>
      <w id="s-1-w-8" pos="NB" lemma="hiere" norm="hiere">hiere</w>
      <w id="s-1-w-9" pos="V-" lemma="secgan" norm="saegde">sæġde</w>
      <w id="s-1-w-10" pos="PD" lemma="se" norm="se">se</w>
      <w id="s-1-w-11" pos="A-" lemma="ęnġel" norm="engel">ęnġel</w>
      <w id="s-1-w-12" pos="NB" lemma="," norm="">,</w>
      <w id="s-1-w-13" pos="C-" lemma="and" norm="and">and</w>
      <w id="s-1-w-14" pos="NB" lemma="hatan" norm="het">hēt</w>
      <w id="s-1-w-15" pos="PP" lemma="he" norm="hine">hine</w>
      <w id="s-1-w-16" pos="NE" lemma="Samson" norm="Samson">Samson</w>
      <w id="s-1-w-17" pos="V-" lemma=";" norm="">;</w>
      <w id="s-1-w-18" pos="C-" lemma="and" norm="and">and</w>
      <w id="s-1-w-19" pos="PI" lemma="hē" norm="he">hē</w>
      <w id="s-1-w-20" pos="NB" lemma="swīþe" norm="swithe">swīþe</w>
      <w id="s-1-w-21" pos="V-" lemma="weaxan" norm="weox">wēox</w>
      <w id="s-1-w-22" pos="NE" lemma=";" norm="">;</w>
      <w id="s-1-w-23" pos="C-" lemma="and" norm="and">and</w>
      <w id="s-1-w-24" pos="NE" lemma="god" norm="God">God</w>
      <w id="s-1-w-25" pos="PP" lemma="he" norm="hine">hine</w>
      <w id="s-1-w-26" pos="V-" lemma="bletsian" norm="bletsode">blētsode</w>
      <w id="s-1-w-27" pos="V-" lemma="," norm="">,</w>
      <w id="s-1-w-28" pos="C-" lemma="and" norm="and">and</w>
      <w id="s-1-w-29" pos="NE" lemma="god" norm="Godes">Godes</w>
      <w id="s-1-w-30" pos="NB" lemma="gast" norm="gast">gāst</w>
      <w id="s-1-w-31" pos="V-" lemma="beon" norm="waes">wæs</w>
      <w id="s-1-w-32" pos="R-" lemma="on" norm="on">on</w>
      <w id="s-1-w-33" pos="PP" lemma="he" norm="him">him</w>
      <w id="s-1-w-34" pos="V-" lemma="." norm="">.</w>
    </s>
    <s id="s-2" lang="ang">
      <w id="s-2-w-1" pos="DU" lemma="Hē" norm="He">Hē</w>
      <w id="s-2-w-2" pos="V-" lemma="weorþan" norm="wearth">wearþ</w>
      <w id="s-2-w-3" pos="PD" lemma="þā" norm="tha">þā</w>
      <w id="s-2-w-4" pos="NB" lemma="mihtig" norm="mihtig">mihtiġ</w>
      <w id="s-2-w-5" pos="R-" lemma="on" norm="on">on</w>
      <w id="s-2-w-6" pos="PY" lemma="micel" norm="micelre">miċelre</w>
      <w id="s-2-w-7" pos="NB" lemma="stręnġþo" norm="strengtho">stręnġþo</w>
      <w id="s-2-w-8" pos="A-" lemma="," norm="">,</w>
      <w id="s-2-w-9" pos="NB" lemma="swā" norm="swa">swā</w>
      <w id="s-2-w-10" pos="G-" lemma="þæt" norm="thaet">þæt</w>
      <w id="s-2-w-11" pos="PP" lemma="hē" norm="he">hē</w>
      <w id="s-2-w-12" pos="V-" lemma="ġelǣhte" norm="gelaehte">ġelǣhte</w>
      <w id="s-2-w-13" pos="NE" lemma="āne" norm="ane">āne</w>
      <w id="s-2-w-14" pos="NB" lemma="leo" norm="leon">lēon</w>
      <w id="s-2-w-15" pos="R-" lemma="be" norm="be">be</w>
      <w id="s-2-w-16" pos="NB" lemma="weg" norm="wege">weġe</w>
      <w id="s-2-w-17" pos="NB" lemma="," norm="">,</w>
      <w id="s-2-w-18" pos="G-" lemma="þe" norm="the">þe</w>
      <w id="s-2-w-19" pos="PP" lemma="he" norm="hine">hine</w>
      <w id="s-2-w-20" pos="V-" lemma="ābītan" norm="abitan">ābītan</w>
      <w id="s-2-w-21" pos="V-" lemma="willan" norm="wolde">wolde</w>
      <w id="s-2-w-22" pos="NB" lemma="," norm="">,</w>
      <w id="s-2-w-23" pos="C-" lemma="and" norm="and">and</w>
      <w id="s-2-w-24" pos="A-" lemma="tōbræġd" norm="tobraegd">tōbræġd</w>
      <w id="s-2-w-25" pos="NB" lemma="hīe" norm="hie">hīe</w>
      <w id="s-2-w-26" pos="PY" lemma="tō" norm="to">tō</w>
      <w id="s-2-w-27" pos="NB" lemma="styċċum" norm="styccum">styċċum</w>
      <w id="s-2-w-28" pos="DF" lemma="," norm="">,</w>
      <w id="s-2-w-29" pos="G-" lemma="swelce" norm="swelce">swelce</w>
      <w id="s-2-w-30" pos="PP" lemma="he" norm="he">he</w>
      <w id="s-2-w-31" pos="V-" lemma="tōtǣre" norm="totaere">tōtǣre</w>
      <w id="s-2-w-32" pos="PY" lemma="sum" norm="sum">sum</w>
      <w id="s-2-w-33" pos="A-" lemma="ēaþelic" norm="eathelic">ēaþelic</w>
      <w id="s-2-w-34" pos="PY" lemma="ticcen" norm="ticcen">tiċċen</w>
      <w id="s-2-w-35" pos="NB" lemma="." norm="">.</w>
    </s>
  </p>
  <p>
    <s id="s-1" lang="ang">
      <w id="s-1-w-1" pos="DU" lemma="Hē" norm="He">Hē</w>
      <w id="s-1-w-2" pos="V-" lemma="beginnan" norm="begann">begann</w>
      <w id="s-1-w-3" pos="PD" lemma="þā" norm="tha">þā</w>
      <w id="s-1-w-4" pos="NB" lemma="tō" norm="to">tō</w>
      <w id="s-1-w-5" pos="V-" lemma="winnan" norm="winnenne">winnenne</w>
      <w id="s-1-w-6" pos="R-" lemma="wiþ" norm="with">wiþ</w>
      <w id="s-1-w-7" pos="PD" lemma="þā" norm="tha">þā</w>
      <w id="s-1-w-8" pos="NE" lemma="Philistēos" norm="Philisteos">Philistēos</w>
      <w id="s-1-w-9" pos="NE" lemma="," norm="">,</w>
      <w id="s-1-w-10" pos="C-" lemma="and" norm="and">and</w>
      <w id="s-1-w-11" pos="PS" lemma="hi" norm="hiera">hiera</w>
      <w id="s-1-w-12" pos="PY" lemma="fela" norm="fela">fela</w>
      <w id="s-1-w-13" pos="V-" lemma="ofslōg" norm="ofslog">ofslōg</w>
      <w id="s-1-w-14" pos="C-" lemma="and" norm="and">and</w>
      <w id="s-1-w-15" pos="PY" lemma="tō" norm="to">tō</w>
      <w id="s-1-w-16" pos="NB" lemma="sceamu" norm="scame">scame</w>
      <w id="s-1-w-17" pos="V-" lemma="tucian" norm="tucode">tūcode</w>
      <w id="s-1-w-18" pos="A-" lemma="," norm="">,</w>
      <w id="s-1-w-19" pos="PD" lemma="þēah" norm="theah">þēah</w>
      <w id="s-1-w-20" pos="G-" lemma="þe" norm="the">þe</w>
      <w id="s-1-w-21" pos="NB" lemma="hīe" norm="hie">hīe</w>
      <w id="s-1-w-22" pos="V-" lemma="onweald" norm="onweald">onweald</w>
      <w id="s-1-w-23" pos="V-" lemma="habban" norm="haefden">hæfden</w>
      <w id="s-1-w-24" pos="R-" lemma="ofer" norm="ofer">ofer</w>
      <w id="s-1-w-25" pos="NB" lemma="hīs" norm="his">hīs</w>
      <w id="s-1-w-26" pos="V-" lemma="leode" norm="leode">lēode</w>
      <w id="s-1-w-27" pos="NE" lemma="." norm="">.</w>
    </s>
    <s id="s-2" lang="ang">
      <w id="s-2-w-1" pos="DF" lemma="Þā" norm="Tha">Þā</w>
      <w id="s-2-w-2" pos="V-" lemma="feran" norm="ferdon">fērdon</w>
      <w id="s-2-w-3" pos="PD" lemma="þā" norm="tha">þā</w>
      <w id="s-2-w-4" pos="NE" lemma="Philistēi" norm="Philistei">Philistēi</w>
      <w id="s-2-w-5" pos="DF" lemma="forþ" norm="forth">forþ</w>
      <w id="s-2-w-6" pos="R-" lemma="æfter" norm="aefter">æfter</w>
      <w id="s-2-w-7" pos="NE" lemma="Samsone" norm="Samsone">Samsone</w>
      <w id="s-2-w-8" pos="NB" lemma="," norm="">,</w>
      <w id="s-2-w-9" pos="C-" lemma="and" norm="and">and</w>
      <w id="s-2-w-10" pos="V-" lemma="hatan" norm="heton">hēton</w>
      <w id="s-2-w-11" pos="PS" lemma="he" norm="his">his</w>
      <w id="s-2-w-12" pos="NB" lemma="leode" norm="leode">lēode</w>
      <w id="s-2-w-13" pos="G-" lemma="þæt" norm="thaet">þæt</w>
      <w id="s-2-w-14" pos="NB" lemma="hīe" norm="hie">hīe</w>
      <w id="s-2-w-15" pos="PP" lemma="he" norm="hine">hine</w>
      <w id="s-2-w-16" pos="V-" lemma="agifan" norm="ageafen">āġēafen</w>
      <w id="s-2-w-17" pos="PY" lemma="tō" norm="to">tō</w>
      <w id="s-2-w-18" pos="NB" lemma="hi" norm="hiera">hiera</w>
      <w id="s-2-w-19" pos="V-" lemma="onwealde" norm="onwealde">onwealde</w>
      <w id="s-2-w-20" pos="V-" lemma="," norm="">,</w>
      <w id="s-2-w-21" pos="G-" lemma="þæt" norm="thaet">þæt</w>
      <w id="s-2-w-22" pos="PP" lemma="hīe" norm="hie">hīe</w>
      <w id="s-2-w-23" pos="V-" lemma="wrecan" norm="wrecan">wrecan</w>
      <w id="s-2-w-24" pos="V-" lemma="magan" norm="mihten">mihten</w>
      <w id="s-2-w-25" pos="PS" lemma="hi" norm="hiera">hiera</w>
      <w id="s-2-w-26" pos="NB" lemma="teon" norm="teon">tēon</w>
      <w id="s-2-w-27" pos="NE" lemma="crist" norm="">-</w>
      <w id="s-2-w-28" pos="V-" lemma="rædan" norm="raedenne">rǣdenne</w>
      <w id="s-2-w-29" pos="R-" lemma="mid" norm="mid">mid</w>
      <w id="s-2-w-30" pos="NB" lemma="tintregum" norm="tintregum">tintregum</w>
      <w id="s-2-w-31" pos="R-" lemma="on" norm="on">on</w>
      <w id="s-2-w-32" pos="PP" lemma="he" norm="him">him</w>
      <w id="s-2-w-33" pos="V-" lemma="." norm="">.</w>
    </s>
    <s id="s-3" lang="ang">
      <w id="s-3-w-1" pos="DU" lemma="Hīe" norm="Hie">Hīe</w>
      <w id="s-3-w-2" pos="V-" lemma="þā" norm="tha">þā</w>
      <w id="s-3-w-3" pos="PP" lemma="he" norm="hine">hine</w>
      <w id="s-3-w-4" pos="V-" lemma="gebindan" norm="gebundon">ġebundon</w>
      <w id="s-3-w-5" pos="R-" lemma="mid" norm="mid">mid</w>
      <w id="s-3-w-6" pos="PY" lemma="twæman" norm="twaem">twǣm</w>
      <w id="s-3-w-7" pos="NB" lemma="bæstenum" norm="baestenum">bæstenum</w>
      <w id="s-3-w-8" pos="NB" lemma="rāpum" norm="rapum">rāpum</w>
      <w id="s-3-w-9" pos="C-" lemma="and" norm="and">and</w>
      <w id="s-3-w-10" pos="PP" lemma="he" norm="hine">hine</w>
      <w id="s-3-w-11" pos="V-" lemma="gelædan" norm="gelaeddon">ġelǣddon</w>
      <w id="s-3-w-12" pos="PY" lemma="tō" norm="to">tō</w>
      <w id="s-3-w-13" pos="NB" lemma="þǣm" norm="thaem">þǣm</w>
      <w id="s-3-w-14" pos="DF" lemma="folc" norm="folce">folce</w>
      <w id="s-3-w-15" pos="V-" lemma="." norm="">.</w>
    </s>
    <s id="s-4" lang="ang">
      <w id="s-4-w-1" pos="C-" lemma="and" norm="And">And</w>
      <w id="s-4-w-2" pos="PD" lemma="þā" norm="tha">þā</w>
      <w id="s-4-w-3" pos="NE" lemma="Philistēiscan" norm="Philisteiscan">Philistēiscan</w>
      <w id="s-4-w-4" pos="PD" lemma="se" norm="thaes">þæs</w>
      <w id="s-4-w-5" pos="V-" lemma="fæġnodon" norm="faegnodon">fæġnodon</w>
      <w id="s-4-w-6" pos="NB" lemma="swīþe" norm="swithe">swīþe</w>
      <w id="s-4-w-7" pos="NE" lemma=";" norm="">;</w>
      <w id="s-4-w-8" pos="V-" lemma="yrnan" norm="urnon">urnon</w>
      <w id="s-4-w-9" pos="PP" lemma="he" norm="him">him</w>
      <w id="s-4-w-10" pos="R-" lemma="tōġēanes" norm="togeanes">tōġēanes</w>
      <w id="s-4-w-11" pos="PY" lemma="ealle" norm="ealle">ealle</w>
      <w id="s-4-w-12" pos="V-" lemma="hlȳdende" norm="hlȳdende">hlȳdende</w>
      <w id="s-4-w-13" pos="V-" lemma=";" norm="">;</w>
      <w id="s-4-w-14" pos="V-" lemma="willan" norm="woldon">woldon</w>
      <w id="s-4-w-15" pos="PP" lemma="he" norm="hine">hine</w>
      <w id="s-4-w-16" pos="V-" lemma="tintreġian" norm="tintregian">tintreġian</w>
      <w id="s-4-w-17" pos="R-" lemma="for" norm="for">for</w>
      <w id="s-4-w-18" pos="PS" lemma="hi" norm="hiera">hiera</w>
      <w id="s-4-w-19" pos="PY" lemma="tēonrǣdenne" norm="teonraedenne">tēonrǣdenne</w>
      <w id="s-4-w-20" pos="NB" lemma="." norm="">.</w>
    </s>
    <s id="s-5" lang="ang">
      <w id="s-5-w-1" pos="DF" lemma="Þā" norm="Tha">Þā</w>
      <w id="s-5-w-2" pos="DF" lemma="tōbræġd" norm="tobraegd">tōbræġd</w>
      <w id="s-5-w-3" pos="NE" lemma="Samson" norm="Samson">Samson</w>
      <w id="s-5-w-4" pos="V-" lemma="bēġen" norm="begen">bēġen</w>
      <w id="s-5-w-5" pos="PS" lemma="he" norm="his">his</w>
      <w id="s-5-w-6" pos="NB" lemma="earm" norm="earmas">earmas</w>
      <w id="s-5-w-7" pos="V-" lemma="," norm="">,</w>
      <w id="s-5-w-8" pos="G-" lemma="þæt" norm="thaet">þæt</w>
      <w id="s-5-w-9" pos="PD" lemma="þā" norm="tha">þā</w>
      <w id="s-5-w-10" pos="NB" lemma="rāpas" norm="rapas">rāpas</w>
      <w id="s-5-w-11" pos="PY" lemma="tō" norm="to">tō</w>
      <w id="s-5-w-12" pos="NB" lemma="crist" norm="">-</w>
      <w id="s-5-w-13" pos="V-" lemma="berstan" norm="burston">burston</w>
      <w id="s-5-w-14" pos="G-" lemma="þe" norm="the">þe</w>
      <w id="s-5-w-15" pos="NB" lemma="hē" norm="he">hē</w>
      <w id="s-5-w-16" pos="R-" lemma="mid" norm="mid">mid</w>
      <w id="s-5-w-17" pos="NE" lemma="gebindan" norm="gebunden">ġebunden</w>
      <w id="s-5-w-18" pos="V-" lemma="beon" norm="waes">wæs</w>
      <w id="s-5-w-19" pos="NE" lemma="." norm="">.</w>
    </s>
    <s id="s-6" lang="ang">
      <w id="s-6-w-1" pos="C-" lemma="and" norm="And">And</w>
      <w id="s-6-w-2" pos="PP" lemma="hē" norm="he">hē</w>
      <w id="s-6-w-3" pos="V-" lemma="ġelǣhte" norm="gelaehte">ġelǣhte</w>
      <w id="s-6-w-4" pos="PD" lemma="þ" norm="th">þ</w>
      <w id="s-6-w-5" pos="NB" lemma="a" norm="a">a</w>
      <w id="s-6-w-6" pos="NB" lemma="sōna" norm="sona">sōna</w>
      <w id="s-6-w-7" pos="NB" lemma="sumes" norm="sumes">sumes</w>
      <w id="s-6-w-8" pos="NB" lemma="assa" norm="assan">assan</w>
      <w id="s-6-w-9" pos="NB" lemma="cinn" norm="cinn">ċinn</w>
      <w id="s-6-w-10" pos="NE" lemma="crist" norm="">-</w>
      <w id="s-6-w-11" pos="NB" lemma="ban" norm="ban">bān</w>
      <w id="s-6-w-12" pos="G-" lemma="þe" norm="the">þe</w>
      <w id="s-6-w-13" pos="PP" lemma="hē" norm="he">hē</w>
      <w id="s-6-w-14" pos="DF" lemma="þǣr" norm="thaer">þǣr</w>
      <w id="s-6-w-15" pos="V-" lemma="findan" norm="funde">funde</w>
      <w id="s-6-w-16" pos="NE" lemma="," norm="">,</w>
      <w id="s-6-w-17" pos="C-" lemma="and" norm="and">and</w>
      <w id="s-6-w-18" pos="NE" lemma="gefeohtan" norm="gefeaht">ġefeaht</w>
      <w id="s-6-w-19" pos="R-" lemma="wiþ" norm="with">wiþ</w>
      <w id="s-6-w-20" pos="NB" lemma="hīe" norm="hie">hīe</w>
      <w id="s-6-w-21" pos="NB" lemma="," norm="">,</w>
      <w id="s-6-w-22" pos="C-" lemma="and" norm="and">and</w>
      <w id="s-6-w-23" pos="A-" lemma="ofslōġ" norm="ofslog">ofslōġ</w>
      <w id="s-6-w-24" pos="NB" lemma="ān" norm="an">ān</w>
      <w id="s-6-w-25" pos="NB" lemma="þūsend" norm="thusend">þūsend</w>
      <w id="s-6-w-26" pos="R-" lemma="mid" norm="mid">mid</w>
      <w id="s-6-w-27" pos="PD" lemma="se" norm="thaes">þæs</w>
      <w id="s-6-w-28" pos="NB" lemma="assa" norm="assan">assan</w>
      <w id="s-6-w-29" pos="NB" lemma="ċinnbāne" norm="cinnbane">ċinnbāne</w>
      <w id="s-6-w-30" pos="V-" lemma="." norm="">.</w>
    </s>
    <s id="s-7" lang="ang">
      <w id="s-7-w-1" pos="DU" lemma="Hē" norm="He">Hē</w>
      <w id="s-7-w-2" pos="V-" lemma="weorþan" norm="wearth">wearþ</w>
      <w id="s-7-w-3" pos="PD" lemma="þā" norm="tha">þā</w>
      <w id="s-7-w-4" pos="NB" lemma="swīþe" norm="swithe">swīþe</w>
      <w id="s-7-w-5" pos="V-" lemma="ofþyrst" norm="ofthyrst">ofþyrst</w>
      <w id="s-7-w-6" pos="R-" lemma="for" norm="for">for</w>
      <w id="s-7-w-7" pos="PD" lemma="þǣm" norm="thaem">þǣm</w>
      <w id="s-7-w-8" pos="A-" lemma="wundorlican" norm="wundorlican">wundorlican</w>
      <w id="s-7-w-9" pos="NB" lemma="slęġe" norm="slege">slęġe</w>
      <w id="s-7-w-10" pos="NB" lemma="," norm="">,</w>
      <w id="s-7-w-11" pos="C-" lemma="and" norm="and">and</w>
      <w id="s-7-w-12" pos="V-" lemma="biddan" norm="baed">bæd</w>
      <w id="s-7-w-13" pos="PD" lemma="se" norm="thone">þone</w>
      <w id="s-7-w-14" pos="NB" lemma="heofonlic" norm="heofonlican">heofonlican</w>
      <w id="s-7-w-15" pos="NE" lemma="god" norm="God">God</w>
      <w id="s-7-w-16" pos="G-" lemma="þæt" norm="thaet">þæt</w>
      <w id="s-7-w-17" pos="NB" lemma="hē" norm="he">hē</w>
      <w id="s-7-w-18" pos="PP" lemma="he" norm="him">him</w>
      <w id="s-7-w-19" pos="V-" lemma="āsęnde" norm="asende">āsęnde</w>
      <w id="s-7-w-20" pos="V-" lemma="drincan" norm="drincan">drincan</w>
      <w id="s-7-w-21" pos="NB" lemma="," norm="">,</w>
      <w id="s-7-w-22" pos="R-" lemma="for" norm="for">for</w>
      <w id="s-7-w-23" pos="PD" lemma="þǣm" norm="thaem">þǣm</w>
      <w id="s-7-w-24" pos="G-" lemma="þe" norm="the">þe</w>
      <w id="s-7-w-25" pos="R-" lemma="on" norm="on">on</w>
      <w id="s-7-w-26" pos="PD" lemma="þǣre" norm="thaere">þǣre</w>
      <w id="s-7-w-27" pos="A-" lemma="nēawiste" norm="neawiste">nēawiste</w>
      <w id="s-7-w-28" pos="DF" lemma="næs" norm="naes">næs</w>
      <w id="s-7-w-29" pos="PY" lemma="nān" norm="nan">nān</w>
      <w id="s-7-w-30" pos="NB" lemma="wætersċipe" norm="waeterscipe">wætersċipe</w>
      <w id="s-7-w-31" pos="V-" lemma="." norm="">.</w>
    </s>
    <s id="s-8" lang="ang">
      <w id="s-8-w-1" pos="PD" lemma="Þā" norm="Tha">Þā</w>
      <w id="s-8-w-2" pos="V-" lemma="yrnan" norm="arn">arn</w>
      <w id="s-8-w-3" pos="R-" lemma="of" norm="of">of</w>
      <w id="s-8-w-4" pos="PD" lemma="þǣn" norm="thaen">þǣn</w>
      <w id="s-8-w-5" pos="NB" lemma="ċinnbāne" norm="cinnbane">ċinnbāne</w>
      <w id="s-8-w-6" pos="R-" lemma="of" norm="of">of</w>
      <w id="s-8-w-7" pos="NB" lemma="ānum" norm="anum">ānum</w>
      <w id="s-8-w-8" pos="NB" lemma="toþ" norm="teth">tēþ</w>
      <w id="s-8-w-9" pos="NB" lemma="wæter" norm="waeter">wæter</w>
      <w id="s-8-w-10" pos="V-" lemma=";" norm="">;</w>
      <w id="s-8-w-11" pos="C-" lemma="and" norm="and">and</w>
      <w id="s-8-w-12" pos="NE" lemma="Samson" norm="Samson">Samson</w>
      <w id="s-8-w-13" pos="NB" lemma="þā" norm="tha">þā</w>
      <w id="s-8-w-14" pos="A-" lemma="drincan" norm="dranc">dranc</w>
      <w id="s-8-w-15" pos="NB" lemma="," norm="">,</w>
      <w id="s-8-w-16" pos="C-" lemma="and" norm="and">and</w>
      <w id="s-8-w-17" pos="PS" lemma="he" norm="his">his</w>
      <w id="s-8-w-18" pos="NE" lemma="Dryhtne" norm="Dryhtne">Dryhtne</w>
      <w id="s-8-w-19" pos="V-" lemma="þancian" norm="thancode">þancode</w>
      <w id="s-8-w-20" pos="NE" lemma="." norm="">.</w>
    </s>
  </p>
  <p>
    <s id="s-1" lang="ang">
      <w id="s-1-w-1" pos="R-" lemma="æfter" norm="AEfter">Æfter</w>
      <w id="s-1-w-2" pos="PD" lemma="þes" norm="thissum">þissum</w>
      <w id="s-1-w-3" pos="NB" lemma="hē" norm="he">hē</w>
      <w id="s-1-w-4" pos="V-" lemma="feran" norm="ferde">fērde</w>
      <w id="s-1-w-5" pos="PY" lemma="tō" norm="to">tō</w>
      <w id="s-1-w-6" pos="NE" lemma="Philistēa" norm="Philistea">Philistēa</w>
      <w id="s-1-w-7" pos="NB" lemma="land" norm="lande">lande</w>
      <w id="s-1-w-8" pos="NE" lemma="," norm="">,</w>
      <w id="s-1-w-9" pos="F-" lemma="intō" norm="into">intō</w>
      <w id="s-1-w-10" pos="PS" lemma="ānre" norm="anre">ānre</w>
      <w id="s-1-w-11" pos="NB" lemma="burg" norm="byrig">byriġ</w>
      <w id="s-1-w-12" pos="R-" lemma="on" norm="on">on</w>
      <w id="s-1-w-13" pos="PS" lemma="hi" norm="hiera">hiera</w>
      <w id="s-1-w-14" pos="NB" lemma="onwealde" norm="onwealde">onwealde</w>
      <w id="s-1-w-15" pos="NE" lemma="," norm="">,</w>
      <w id="s-1-w-16" pos="NE" lemma="Gaza" norm="Gaza">Gaza</w>
      <w id="s-1-w-17" pos="NE" lemma="gehatan" norm="gehaten">ġehāten</w>
      <w id="s-1-w-18" pos="NE" lemma="." norm="">.</w>
    </s>
    <s id="s-2" lang="ang">
      <w id="s-2-w-1" pos="C-" lemma="and" norm="And">And</w>
      <w id="s-2-w-2" pos="NB" lemma="hīe" norm="hie">hīe</w>
      <w id="s-2-w-3" pos="PD" lemma="se" norm="thaes">þæs</w>
      <w id="s-2-w-4" pos="V-" lemma="fæġnodon" norm="faegnodon">fæġnodon</w>
      <w id="s-2-w-5" pos="NB" lemma=";" norm="">;</w>
      <w id="s-2-w-6" pos="V-" lemma="besętton" norm="besetton">besętton</w>
      <w id="s-2-w-7" pos="PD" lemma="þā" norm="tha">þā</w>
      <w id="s-2-w-8" pos="PD" lemma="þǣt" norm="thaet">þǣt</w>
      <w id="s-2-w-9" pos="NB" lemma="hus" norm="hus">hūs</w>
      <w id="s-2-w-10" pos="G-" lemma="þe" norm="the">þe</w>
      <w id="s-2-w-11" pos="N-" lemma="hē" norm="he">hē</w>
      <w id="s-2-w-12" pos="DF" lemma="inne" norm="inne">inne</w>
      <w id="s-2-w-13" pos="V-" lemma="wunian" norm="wunode">wunode</w>
      <w id="s-2-w-14" pos="DF" lemma=";" norm="">;</w>
      <w id="s-2-w-15" pos="V-" lemma="willan" norm="woldon">woldon</w>
      <w id="s-2-w-16" pos="PP" lemma="he" norm="hine">hine</w>
      <w id="s-2-w-17" pos="A-" lemma="geniman" norm="geniman">ġeniman</w>
      <w id="s-2-w-18" pos="R-" lemma="mid" norm="mid">mid</w>
      <w id="s-2-w-19" pos="PD" lemma="þǣm" norm="thaem">þǣm</w>
      <w id="s-2-w-20" pos="G-" lemma="þe" norm="the">þe</w>
      <w id="s-2-w-21" pos="NB" lemma="hē" norm="he">hē</w>
      <w id="s-2-w-22" pos="NE" lemma="ūt" norm="ut">ūt</w>
      <w id="s-2-w-23" pos="V-" lemma="gan" norm="eode">ēode</w>
      <w id="s-2-w-24" pos="R-" lemma="on" norm="on">on</w>
      <w id="s-2-w-25" pos="NE" lemma="ǣrne" norm="aerne">ǣrne</w>
      <w id="s-2-w-26" pos="NB" lemma="crist" norm="">-</w>
      <w id="s-2-w-27" pos="NB" lemma="merġen" norm="mergen">merġen</w>
      <w id="s-2-w-28" pos="NB" lemma="," norm="">,</w>
      <w id="s-2-w-29" pos="C-" lemma="and" norm="and">and</w>
      <w id="s-2-w-30" pos="PP" lemma="he" norm="hine">hine</w>
      <w id="s-2-w-31" pos="V-" lemma="ofslēan" norm="ofslean">ofslēan</w>
      <w id="s-2-w-32" pos="V-" lemma="." norm="">.</w>
    </s>
    <s id="s-3" lang="ang">
      <w id="s-3-w-1" pos="PI" lemma="hwæt" norm="Hwaet">Hwæt</w>
      <w id="s-3-w-2" pos="V-" lemma="þā" norm="tha">þā</w>
      <w id="s-3-w-3" pos="NE" lemma="Samson" norm="Samson">Samson</w>
      <w id="s-3-w-4" pos="PS" lemma="hi" norm="hiera">hiera</w>
      <w id="s-3-w-5" pos="NB" lemma="sierwunga" norm="sierwunga">sierwunga</w>
      <w id="s-3-w-6" pos="A-" lemma="underġeat" norm="undergeat">underġeat</w>
      <w id="s-3-w-7" pos="NB" lemma=";" norm="">;</w>
      <w id="s-3-w-8" pos="C-" lemma="and" norm="and">and</w>
      <w id="s-3-w-9" pos="NE" lemma="ārās" norm="aras">ārās</w>
      <w id="s-3-w-10" pos="R-" lemma="on" norm="on">on</w>
      <w id="s-3-w-11" pos="A-" lemma="midd" norm="middre">middre</w>
      <w id="s-3-w-12" pos="NB" lemma="niht" norm="nihte">nihte</w>
      <w id="s-3-w-13" pos="NB" lemma="tōmiddes" norm="tomiddes">tōmiddes</w>
      <w id="s-3-w-14" pos="PS" lemma="he" norm="his">his</w>
      <w id="s-3-w-15" pos="NB" lemma="feond" norm="feondum">fēondum</w>
      <w id="s-3-w-16" pos="NE" lemma="," norm="">,</w>
      <w id="s-3-w-17" pos="C-" lemma="and" norm="and">and</w>
      <w id="s-3-w-18" pos="NE" lemma="geniman" norm="genam">ġenam</w>
      <w id="s-3-w-19" pos="PD" lemma="þā" norm="tha">þā</w>
      <w id="s-3-w-20" pos="NB" lemma="burh" norm="burg">burg</w>
      <w id="s-3-w-21" pos="V-" lemma="crist" norm="">-</w>
      <w id="s-3-w-22" pos="A-" lemma="ġeatu" norm="geatu">ġeatu</w>
      <w id="s-3-w-23" pos="NB" lemma="," norm="">,</w>
      <w id="s-3-w-24" pos="C-" lemma="and" norm="and">and</w>
      <w id="s-3-w-25" pos="NE" lemma="geberan" norm="gebaer">ġebær</w>
      <w id="s-3-w-26" pos="R-" lemma="on" norm="on">on</w>
      <w id="s-3-w-27" pos="PS" lemma="he" norm="his">his</w>
      <w id="s-3-w-28" pos="NB" lemma="hrycg" norm="hrycge">hryċġe</w>
      <w id="s-3-w-29" pos="R-" lemma="mid" norm="mid">mid</w>
      <w id="s-3-w-30" pos="PD" lemma="þǣm" norm="thaem">þǣm</w>
      <w id="s-3-w-31" pos="NB" lemma="post" norm="postum">postum</w>
      <w id="s-3-w-32" pos="NE" lemma="," norm="">,</w>
      <w id="s-3-w-33" pos="NB" lemma="swā" norm="swa">swā</w>
      <w id="s-3-w-34" pos="NB" lemma="swā" norm="swa">swā</w>
      <w id="s-3-w-35" pos="NB" lemma="hīe" norm="hie">hīe</w>
      <w id="s-3-w-36" pos="NB" lemma="belocenu" norm="belocenu">belocenu</w>
      <w id="s-3-w-37" pos="V-" lemma="beon" norm="waeron">wǣron</w>
      <w id="s-3-w-38" pos="NE" lemma="," norm="">,</w>
      <w id="s-3-w-39" pos="NE" lemma="ūp" norm="up">ūp</w>
      <w id="s-3-w-40" pos="NB" lemma="tō" norm="to">tō</w>
      <w id="s-3-w-41" pos="NE" lemma="ānre" norm="anre">ānre</w>
      <w id="s-3-w-42" pos="NB" lemma="dun" norm="dune">dūne</w>
      <w id="s-3-w-43" pos="PY" lemma="tō" norm="to">tō</w>
      <w id="s-3-w-44" pos="A-" lemma="ufeweard" norm="ufeweardum">ufeweardum</w>
      <w id="s-3-w-45" pos="NB" lemma="þǣm" norm="thaem">þǣm</w>
      <w id="s-3-w-46" pos="NB" lemma="cnolle" norm="cnolle">cnolle</w>
      <w id="s-3-w-47" pos="V-" lemma=";" norm="">;</w>
      <w id="s-3-w-48" pos="C-" lemma="and" norm="and">and</w>
      <w id="s-3-w-49" pos="V-" lemma="gan" norm="eode">ēode</w>
      <w id="s-3-w-50" pos="NB" lemma="swā" norm="swa">swā</w>
      <w id="s-3-w-51" pos="A-" lemma="or" norm="or">or</w>
      <w id="s-3-w-52" pos="NE" lemma="crist" norm="">-</w>
      <w id="s-3-w-53" pos="V-" lemma="sorg" norm="sorg">sorg</w>
      <w id="s-3-w-54" pos="R-" lemma="of" norm="of">of</w>
      <w id="s-3-w-55" pos="PS" lemma="hi" norm="hiera">hiera</w>
      <w id="s-3-w-56" pos="NB" lemma="gesihþ" norm="gesihthum">ġesihþum</w>
      <w id="s-3-w-57" pos="NE" lemma="." norm="">.</w>
    </s>
    <s id="s-4" lang="ang">
      <w id="s-4-w-1" pos="PS" lemma="he" norm="Hine">Hine</w>
      <w id="s-4-w-2" pos="V-" lemma="beswican" norm="beswac">beswāc</w>
      <w id="s-4-w-3" pos="NB" lemma="swāþēah" norm="swatheah">swāþēah</w>
      <w id="s-4-w-4" pos="DF" lemma="siððan" norm="siththan">siþþan</w>
      <w id="s-4-w-5" pos="NE" lemma="ān" norm="an">ān</w>
      <w id="s-4-w-6" pos="NB" lemma="wif" norm="wif">wīf</w>
      <w id="s-4-w-7" pos="NE" lemma="," norm="">,</w>
      <w id="s-4-w-8" pos="NE" lemma="Dalila" norm="Dalila">Dalila</w>
      <w id="s-4-w-9" pos="NE" lemma="gehatan" norm="gehaten">ġehāten</w>
      <w id="s-4-w-10" pos="NB" lemma="," norm="">,</w>
      <w id="s-4-w-11" pos="R-" lemma="of" norm="of">of</w>
      <w id="s-4-w-12" pos="PD" lemma="þǣm" norm="thaem">þǣm</w>
      <w id="s-4-w-13" pos="NB" lemma="hǣþnan" norm="haethnan">hǣþnan</w>
      <w id="s-4-w-14" pos="NB" lemma="folc" norm="folce">folce</w>
      <w id="s-4-w-15" pos="V-" lemma="," norm="">,</w>
      <w id="s-4-w-16" pos="V-" lemma="swā" norm="swa">swā</w>
      <w id="s-4-w-17" pos="G-" lemma="þæt" norm="thaet">þæt</w>
      <w id="s-4-w-18" pos="PP" lemma="hē" norm="he">hē</w>
      <w id="s-4-w-19" pos="NB" lemma="hiere" norm="hiere">hiere</w>
      <w id="s-4-w-20" pos="V-" lemma="secgan" norm="saegde">sæġde</w>
      <w id="s-4-w-21" pos="NE" lemma="," norm="">,</w>
      <w id="s-4-w-22" pos="R-" lemma="þurh" norm="thurh">þurh</w>
      <w id="s-4-w-23" pos="NB" lemma="hiere" norm="hiere">hiere</w>
      <w id="s-4-w-24" pos="NB" lemma="swīcdōm" norm="swicdom">swīcdōm</w>
      <w id="s-4-w-25" pos="V-" lemma="bepǣht" norm="bepaeht">bepǣht</w>
      <w id="s-4-w-26" pos="NE" lemma="," norm="">,</w>
      <w id="s-4-w-27" pos="R-" lemma="on" norm="on">on</w>
      <w id="s-4-w-28" pos="NB" lemma="hwǣm" norm="hwaem">hwǣm</w>
      <w id="s-4-w-29" pos="PS" lemma="he" norm="his">his</w>
      <w id="s-4-w-30" pos="NB" lemma="stręnġþo" norm="strengtho">stręnġþo</w>
      <w id="s-4-w-31" pos="V-" lemma="beon" norm="waes">wæs</w>
      <w id="s-4-w-32" pos="C-" lemma="and" norm="and">and</w>
      <w id="s-4-w-33" pos="PS" lemma="he" norm="his">his</w>
      <w id="s-4-w-34" pos="NB" lemma="wundorlicu" norm="wundorlicu">wundorlicu</w>
      <w id="s-4-w-35" pos="NB" lemma="miht" norm="miht">miht</w>
      <w id="s-4-w-36" pos="V-" lemma="." norm="">.</w>
    </s>
    <s id="s-5" lang="ang">
      <w id="s-5-w-1" pos="PD" lemma="Þā" norm="Tha">Þā</w>
      <w id="s-5-w-2" pos="NB" lemma="hǣþnan" norm="haethnan">hǣþnan</w>
      <w id="s-5-w-3" pos="NE" lemma="Philistēi" norm="Philistei">Philistēi</w>
      <w id="s-5-w-4" pos="V-" lemma="behatan" norm="beheton">behēton</w>
      <w id="s-5-w-5" pos="NB" lemma="hiere" norm="hiere">hiere</w>
      <w id="s-5-w-6" pos="NB" lemma="sċeattas" norm="sceattas">sċeattas</w>
      <w id="s-5-w-7" pos="R-" lemma="wiþ" norm="with">wiþ</w>
      <w id="s-5-w-8" pos="PD" lemma="þǣm" norm="thaem">þǣm</w>
      <w id="s-5-w-9" pos="G-" lemma="þe" norm="the">þe</w>
      <w id="s-5-w-10" pos="DF" lemma="hēo" norm="heo">hēo</w>
      <w id="s-5-w-11" pos="DF" lemma="beswican" norm="beswice">beswice</w>
      <w id="s-5-w-12" pos="NE" lemma="Samson" norm="Samson">Samson</w>
      <w id="s-5-w-13" pos="PD" lemma="se" norm="thone">þone</w>
      <w id="s-5-w-14" pos="A-" lemma="strang" norm="strangan">strangan</w>
      <w id="s-5-w-15" pos="NB" lemma="." norm="">.</w>
    </s>
    <s id="s-6" lang="ang">
      <w id="s-6-w-1" pos="DF" lemma="Þā" norm="Tha">Þā</w>
      <w id="s-6-w-2" pos="V-" lemma="ascian" norm="ascode">āscode</w>
      <w id="s-6-w-3" pos="NB" lemma="hēo" norm="heo">hēo</w>
      <w id="s-6-w-4" pos="PP" lemma="he" norm="hine">hine</w>
      <w id="s-6-w-5" pos="DF" lemma="georn" norm="georne">ġeorne</w>
      <w id="s-6-w-6" pos="R-" lemma="mid" norm="mid">mid</w>
      <w id="s-6-w-7" pos="NB" lemma="hiere" norm="hiere">hiere</w>
      <w id="s-6-w-8" pos="NB" lemma="ōlǣċunge" norm="olaecunge">ōlǣċunge</w>
      <w id="s-6-w-9" pos="R-" lemma="on" norm="on">on</w>
      <w id="s-6-w-10" pos="NB" lemma="hwǣm" norm="hwaem">hwǣm</w>
      <w id="s-6-w-11" pos="PS" lemma="he" norm="his">his</w>
      <w id="s-6-w-12" pos="NB" lemma="miht" norm="miht">miht</w>
      <w id="s-6-w-13" pos="NB" lemma="beon" norm="waere">wǣre</w>
      <w id="s-6-w-14" pos="NB" lemma=";" norm="">;</w>
      <w id="s-6-w-15" pos="C-" lemma="and" norm="and">and</w>
      <w id="s-6-w-16" pos="A-" lemma="hē" norm="he">hē</w>
      <w id="s-6-w-17" pos="NB" lemma="hiere" norm="hiere">hiere</w>
      <w id="s-6-w-18" pos="V-" lemma="andwerdan" norm="andwyrde">andwyrde</w>
      <w id="s-6-w-19" pos="NE" lemma=":" norm="">:</w>
      <w id="s-6-w-20" pos="NE" lemma="'" norm="">'</w>
      <w id="s-6-w-21" pos="NB" lemma="Ġif" norm="Gif">Ġif</w>
      <w id="s-6-w-22" pos="PP" lemma="ic" norm="ic">ic</w>
      <w id="s-6-w-23" pos="V-" lemma="beon" norm="beo">bēo</w>
      <w id="s-6-w-24" pos="V-" lemma="gebindan" norm="gebunden">ġebunden</w>
      <w id="s-6-w-25" pos="R-" lemma="mid" norm="mid">mid</w>
      <w id="s-6-w-26" pos="PY" lemma="seofon" norm="seofon">seofon</w>
      <w id="s-6-w-27" pos="NB" lemma="rāpum" norm="rapum">rāpum</w>
      <w id="s-6-w-28" pos="DF" lemma="," norm="">,</w>
      <w id="s-6-w-29" pos="R-" lemma="of" norm="of">of</w>
      <w id="s-6-w-30" pos="NB" lemma="sinum" norm="sinum">sinum</w>
      <w id="s-6-w-31" pos="NB" lemma="gewyrcan" norm="geworhte">ġeworhte</w>
      <w id="s-6-w-32" pos="NE" lemma="," norm="">,</w>
      <w id="s-6-w-33" pos="NB" lemma="sōna" norm="sona">sōna</w>
      <w id="s-6-w-34" pos="PP" lemma="ic" norm="ic">ic</w>
      <w id="s-6-w-35" pos="V-" lemma="beon" norm="beo">bēo</w>
      <w id="s-6-w-36" pos="NE" lemma="ġewield" norm="gewield">ġewield</w>
      <w id="s-6-w-37" pos="NE" lemma=".'" norm="">.'</w>
    </s>
    <s id="s-7" lang="ang">
      <w id="s-7-w-1" pos="PD" lemma="þæt" norm="Thaet">Þæt</w>
      <w id="s-7-w-2" pos="NB" lemma="swicol" norm="swicole">swicole</w>
      <w id="s-7-w-3" pos="NB" lemma="wif" norm="wif">wīf</w>
      <w id="s-7-w-4" pos="PD" lemma="þā" norm="tha">þā</w>
      <w id="s-7-w-5" pos="NB" lemma="begietan" norm="begeat">beġeat</w>
      <w id="s-7-w-6" pos="PD" lemma="þā" norm="tha">þā</w>
      <w id="s-7-w-7" pos="PY" lemma="seofon" norm="seofon">seofon</w>
      <w id="s-7-w-8" pos="NB" lemma="rāpas" norm="rapas">rāpas</w>
      <w id="s-7-w-9" pos="NB" lemma="," norm="">,</w>
      <w id="s-7-w-10" pos="C-" lemma="and" norm="and">and</w>
      <w id="s-7-w-11" pos="NB" lemma="hē" norm="he">hē</w>
      <w id="s-7-w-12" pos="R-" lemma="þurh" norm="thurh">þurh</w>
      <w id="s-7-w-13" pos="NB" lemma="sierwunge" norm="sierwunge">sierwunge</w>
      <w id="s-7-w-14" pos="NB" lemma="swā" norm="swa">swā</w>
      <w id="s-7-w-15" pos="V-" lemma="weorþan" norm="wearth">wearþ</w>
      <w id="s-7-w-16" pos="V-" lemma="gebindan" norm="gebunden">ġebunden</w>
      <w id="s-7-w-17" pos="V-" lemma="." norm="">.</w>
    </s>
    <s id="s-8" lang="ang">
      <w id="s-8-w-1" pos="C-" lemma="and" norm="And">And</w>
      <w id="s-8-w-2" pos="PP" lemma="he" norm="him">him</w>
      <w id="s-8-w-3" pos="PX" lemma="man" norm="man">man</w>
      <w id="s-8-w-4" pos="V-" lemma="cyþan" norm="cȳthde">cȳþde</w>
      <w id="s-8-w-5" pos="PD" lemma="þæt" norm="thaet">þæt</w>
      <w id="s-8-w-6" pos="NB" lemma="þǣr" norm="thaer">þǣr</w>
      <w id="s-8-w-7" pos="NB" lemma="cuman" norm="comon">cōmon</w>
      <w id="s-8-w-8" pos="PS" lemma="he" norm="his">his</w>
      <w id="s-8-w-9" pos="NB" lemma="feond" norm="fiend">fīend</w>
      <w id="s-8-w-10" pos="NE" lemma=";" norm="">;</w>
      <w id="s-8-w-11" pos="NB" lemma="þā" norm="tha">þā</w>
      <w id="s-8-w-12" pos="V-" lemma="tobrecan" norm="tobraec">tōbræc</w>
      <w id="s-8-w-13" pos="PI" lemma="hē" norm="he">hē</w>
      <w id="s-8-w-14" pos="NB" lemma="sōna" norm="sona">sōna</w>
      <w id="s-8-w-15" pos="PD" lemma="þā" norm="tha">þā</w>
      <w id="s-8-w-16" pos="NB" lemma="rāpas" norm="rapas">rāpas</w>
      <w id="s-8-w-17" pos="NE" lemma="," norm="">,</w>
      <w id="s-8-w-18" pos="NB" lemma="swā" norm="swa">swā</w>
      <w id="s-8-w-19" pos="NB" lemma="swā" norm="swa">swā</w>
      <w id="s-8-w-20" pos="NB" lemma="hęfel" norm="hefel">hęfel</w>
      <w id="s-8-w-21" pos="NE" lemma="crist" norm="">-</w>
      <w id="s-8-w-22" pos="NB" lemma="þrǣdas" norm="thraedas">þrǣdas</w>
      <w id="s-8-w-23" pos="V-" lemma=";" norm="">;</w>
      <w id="s-8-w-24" pos="C-" lemma="and" norm="and">and</w>
      <w id="s-8-w-25" pos="PD" lemma="þæt" norm="thaet">þæt</w>
      <w id="s-8-w-26" pos="NB" lemma="wif" norm="wif">wīf</w>
      <w id="s-8-w-27" pos="V-" lemma="nytan" norm="nyste">nyste</w>
      <w id="s-8-w-28" pos="R-" lemma="on" norm="on">on</w>
      <w id="s-8-w-29" pos="NB" lemma="hwǣm" norm="hwaem">hwǣm</w>
      <w id="s-8-w-30" pos="PS" lemma="he" norm="his">his</w>
      <w id="s-8-w-31" pos="NB" lemma="miht" norm="miht">miht</w>
      <w id="s-8-w-32" pos="V-" lemma="beon" norm="waes">wæs</w>
      <w id="s-8-w-33" pos="NE" lemma="." norm="">.</w>
    </s>
    <s id="s-9" lang="ang">
      <w id="s-9-w-1" pos="DU" lemma="Hē" norm="He">Hē</w>
      <w id="s-9-w-2" pos="V-" lemma="weorþan" norm="wearth">wearþ</w>
      <w id="s-9-w-3" pos="DF" lemma="eft" norm="eft">eft</w>
      <w id="s-9-w-4" pos="V-" lemma="gebindan" norm="gebunden">ġebunden</w>
      <w id="s-9-w-5" pos="R-" lemma="mid" norm="mid">mid</w>
      <w id="s-9-w-6" pos="PY" lemma="eall" norm="eall">eall</w>
      <w id="s-9-w-7" pos="NB" lemma="crist" norm="">-</w>
      <w id="s-9-w-8" pos="A-" lemma="niwe" norm="niwum">nīwum</w>
      <w id="s-9-w-9" pos="NB" lemma="rāpum" norm="rapum">rāpum</w>
      <w id="s-9-w-10" pos="NB" lemma=";" norm="">;</w>
      <w id="s-9-w-11" pos="C-" lemma="and" norm="and">and</w>
      <w id="s-9-w-12" pos="NB" lemma="hē" norm="he">hē</w>
      <w id="s-9-w-13" pos="NB" lemma="þā" norm="tha">þā</w>
      <w id="s-9-w-14" pos="V-" lemma="tobrecan" norm="tobraec">tōbræc</w>
      <w id="s-9-w-15" pos="NE" lemma="," norm="">,</w>
      <w id="s-9-w-16" pos="NB" lemma="swā" norm="swa">swā</w>
      <w id="s-9-w-17" pos="NB" lemma="swā" norm="swa">swā</w>
      <w id="s-9-w-18" pos="PD" lemma="þā" norm="tha">þā</w>
      <w id="s-9-w-19" pos="A-" lemma="ōþre" norm="othre">ōþre</w>
      <w id="s-9-w-20" pos="NB" lemma="." norm="">.</w>
    </s>
  </p>
  <p>
    <s id="s-1" lang="ang">
      <w id="s-1-w-1" pos="DU" lemma="Hēo" norm="Heo">Hēo</w>
      <w id="s-1-w-2" pos="V-" lemma="beswican" norm="beswac">beswāc</w>
      <w id="s-1-w-3" pos="PP" lemma="he" norm="hine">hine</w>
      <w id="s-1-w-4" pos="A-" lemma="swāþēah" norm="swatheah">swāþēah</w>
      <w id="s-1-w-5" pos="V-" lemma="," norm="">,</w>
      <w id="s-1-w-6" pos="G-" lemma="þæt" norm="thaet">þæt</w>
      <w id="s-1-w-7" pos="PP" lemma="hē" norm="he">hē</w>
      <w id="s-1-w-8" pos="NB" lemma="hiere" norm="hiere">hiere</w>
      <w id="s-1-w-9" pos="V-" lemma="secgan" norm="saegde">sæġde</w>
      <w id="s-1-w-10" pos="R-" lemma="æt" norm="aet">æt</w>
      <w id="s-1-w-11" pos="A-" lemma="nīehstan" norm="niehstan">nīehstan</w>
      <w id="s-1-w-12" pos="NB" lemma=":" norm="">:</w>
      <w id="s-1-w-13" pos="V-" lemma="'" norm="">'</w>
      <w id="s-1-w-14" pos="NE" lemma="ic" norm="Ic">Ic</w>
      <w id="s-1-w-15" pos="V-" lemma="wesan" norm="eom">eom</w>
      <w id="s-1-w-16" pos="NE" lemma="god" norm="Gode">Gode</w>
      <w id="s-1-w-17" pos="F-" lemma="ġehālgod" norm="gehalgod">ġehālgod</w>
      <w id="s-1-w-18" pos="R-" lemma="fram" norm="fram">fram</w>
      <w id="s-1-w-19" pos="NB" lemma="min" norm="minum">mīnum</w>
      <w id="s-1-w-20" pos="NB" lemma="ċildhāde" norm="cildhade">ċildhāde</w>
      <w id="s-1-w-21" pos="NE" lemma=";" norm="">;</w>
      <w id="s-1-w-22" pos="C-" lemma="and" norm="and">and</w>
      <w id="s-1-w-23" pos="PP" lemma="ic" norm="ic">ic</w>
      <w id="s-1-w-24" pos="DF" lemma="næs" norm="naes">næs</w>
      <w id="s-1-w-25" pos="DF" lemma="nǣfre" norm="naefre">nǣfre</w>
      <w id="s-1-w-26" pos="DF" lemma="ġeęfsod" norm="geefsod">ġeęfsod</w>
      <w id="s-1-w-27" pos="NB" lemma="," norm="">,</w>
      <w id="s-1-w-28" pos="DF" lemma="ne" norm="ne">ne</w>
      <w id="s-1-w-29" pos="DF" lemma="nǣfre" norm="naefre">nǣfre</w>
      <w id="s-1-w-30" pos="V-" lemma="bescoren" norm="bescoren">bescoren</w>
      <w id="s-1-w-31" pos="NB" lemma=";" norm="">;</w>
      <w id="s-1-w-32" pos="C-" lemma="and" norm="and">and</w>
      <w id="s-1-w-33" pos="NE" lemma="ġif" norm="gif">ġif</w>
      <w id="s-1-w-34" pos="PP" lemma="ic" norm="ic">ic</w>
      <w id="s-1-w-35" pos="V-" lemma="beon" norm="beo">bēo</w>
      <w id="s-1-w-36" pos="V-" lemma="bescoren" norm="bescoren">bescoren</w>
      <w id="s-1-w-37" pos="V-" lemma="," norm="">,</w>
      <w id="s-1-w-38" pos="DF" lemma="se" norm="thonne">þonne</w>
      <w id="s-1-w-39" pos="V-" lemma="beon" norm="beo">bēo</w>
      <w id="s-1-w-40" pos="PP" lemma="ic" norm="ic">ic</w>
      <w id="s-1-w-41" pos="A-" lemma="un" norm="un">un</w>
      <w id="s-1-w-42" pos="V-" lemma="crist" norm="">-</w>
      <w id="s-1-w-43" pos="PY" lemma="mihtig" norm="mihtig">mihtiġ</w>
      <w id="s-1-w-44" pos="NB" lemma="," norm="">,</w>
      <w id="s-1-w-45" pos="A-" lemma="ōþrum" norm="othrum">ōþrum</w>
      <w id="s-1-w-46" pos="NB" lemma="mann" norm="mannum">mannum</w>
      <w id="s-1-w-47" pos="NB" lemma="ġelīc" norm="gelic">ġelīc</w>
      <w id="s-1-w-48" pos="NE" lemma=";'" norm="">;'</w>
      <w id="s-1-w-49" pos="C-" lemma="and" norm="and">and</w>
      <w id="s-1-w-50" pos="A-" lemma="hēo" norm="heo">hēo</w>
      <w id="s-1-w-51" pos="NB" lemma="lætan" norm="let">lēt</w>
      <w id="s-1-w-52" pos="DF" lemma="þā" norm="tha">þā</w>
      <w id="s-1-w-53" pos="V-" lemma="swā" norm="swa">swā</w>
      <w id="s-1-w-54" pos="NE" lemma="." norm="">.</w>
    </s>
  </p>
  <p>
    <s id="s-1" lang="ang">
      <w id="s-1-w-1" pos="DU" lemma="Hēo" norm="Heo">Hēo</w>
      <w id="s-1-w-2" pos="DF" lemma="þā" norm="tha">þā</w>
      <w id="s-1-w-3" pos="R-" lemma="on" norm="on">on</w>
      <w id="s-1-w-4" pos="A-" lemma="sum" norm="sumum">sumum</w>
      <w id="s-1-w-5" pos="NB" lemma="dæg" norm="daege">dæġe</w>
      <w id="s-1-w-6" pos="NE" lemma="," norm="">,</w>
      <w id="s-1-w-7" pos="NB" lemma="þā" norm="tha">þā</w>
      <w id="s-1-w-8" pos="PS" lemma="þā" norm="tha">þā</w>
      <w id="s-1-w-9" pos="NB" lemma="hē" norm="he">hē</w>
      <w id="s-1-w-10" pos="R-" lemma="on" norm="on">on</w>
      <w id="s-1-w-11" pos="NB" lemma="slæpan" norm="slaepe">slǣpe</w>
      <w id="s-1-w-12" pos="NB" lemma="licgan" norm="laeg">læġ</w>
      <w id="s-1-w-13" pos="NE" lemma="," norm="">,</w>
      <w id="s-1-w-14" pos="V-" lemma="forceorfan" norm="forcearf">forċearf</w>
      <w id="s-1-w-15" pos="PS" lemma="he" norm="his">his</w>
      <w id="s-1-w-16" pos="NB" lemma="seofon" norm="seofon">seofon</w>
      <w id="s-1-w-17" pos="NB" lemma="loccas" norm="loccas">loccas</w>
      <w id="s-1-w-18" pos="NB" lemma="," norm="">,</w>
      <w id="s-1-w-19" pos="C-" lemma="and" norm="and">and</w>
      <w id="s-1-w-20" pos="V-" lemma="āweahte" norm="aweahte">āweahte</w>
      <w id="s-1-w-21" pos="PP" lemma="he" norm="hine">hine</w>
      <w id="s-1-w-22" pos="DF" lemma="siððan" norm="siththan">siþþan</w>
      <w id="s-1-w-23" pos="NE" lemma=";" norm="">;</w>
      <w id="s-1-w-24" pos="NB" lemma="þā" norm="tha">þā</w>
      <w id="s-1-w-25" pos="V-" lemma="beon" norm="waes">wæs</w>
      <w id="s-1-w-26" pos="A-" lemma="hē" norm="he">hē</w>
      <w id="s-1-w-27" pos="NB" lemma="swā" norm="swa">swā</w>
      <w id="s-1-w-28" pos="A-" lemma="unmihtiġ" norm="unmihtig">unmihtiġ</w>
      <w id="s-1-w-29" pos="NB" lemma="swā" norm="swa">swā</w>
      <w id="s-1-w-30" pos="V-" lemma="swā" norm="swa">swā</w>
      <w id="s-1-w-31" pos="A-" lemma="ōþre" norm="othre">ōþre</w>
      <w id="s-1-w-32" pos="NB" lemma="męnn" norm="menn">męnn</w>
      <w id="s-1-w-33" pos="V-" lemma="." norm="">.</w>
    </s>
    <s id="s-2" lang="ang">
      <w id="s-2-w-1" pos="C-" lemma="and" norm="And">And</w>
      <w id="s-2-w-2" pos="PD" lemma="þā" norm="tha">þā</w>
      <w id="s-2-w-3" pos="NE" lemma="Philistēi" norm="Philistei">Philistēi</w>
      <w id="s-2-w-4" pos="V-" lemma="gefon" norm="gefengon">ġefēngon</w>
      <w id="s-2-w-5" pos="PP" lemma="he" norm="hine">hine</w>
      <w id="s-2-w-6" pos="A-" lemma="sōna" norm="sona">sōna</w>
      <w id="s-2-w-7" pos="V-" lemma="," norm="">,</w>
      <w id="s-2-w-8" pos="NB" lemma="swā" norm="swa">swā</w>
      <w id="s-2-w-9" pos="NB" lemma="swā" norm="swa">swā</w>
      <w id="s-2-w-10" pos="NB" lemma="hēo" norm="heo">hēo</w>
      <w id="s-2-w-11" pos="PP" lemma="he" norm="hine">hine</w>
      <w id="s-2-w-12" pos="V-" lemma="belǣwde" norm="belaewde">belǣwde</w>
      <w id="s-2-w-13" pos="V-" lemma="," norm="">,</w>
      <w id="s-2-w-14" pos="C-" lemma="and" norm="and">and</w>
      <w id="s-2-w-15" pos="V-" lemma="gelædan" norm="gelaeddon">ġelǣddon</w>
      <w id="s-2-w-16" pos="PP" lemma="he" norm="hine">hine</w>
      <w id="s-2-w-17" pos="A-" lemma="onweġ" norm="onweg">onweġ</w>
      <w id="s-2-w-18" pos="NB" lemma=";" norm="">;</w>
      <w id="s-2-w-19" pos="C-" lemma="and" norm="and">and</w>
      <w id="s-2-w-20" pos="NB" lemma="hēo" norm="heo">hēo</w>
      <w id="s-2-w-21" pos="V-" lemma="habban" norm="haefde">hæfde</w>
      <w id="s-2-w-22" pos="PD" lemma="se" norm="thone">þone</w>
      <w id="s-2-w-23" pos="NB" lemma="sċeatt" norm="sceatt">sċeatt</w>
      <w id="s-2-w-24" pos="NE" lemma="," norm="">,</w>
      <w id="s-2-w-25" pos="NB" lemma="swā" norm="swa">swā</w>
      <w id="s-2-w-26" pos="V-" lemma="swā" norm="swa">swā</w>
      <w id="s-2-w-27" pos="PP" lemma="he" norm="him">him</w>
      <w id="s-2-w-28" pos="NE" lemma="geweorþan" norm="gewearth">ġewearþ</w>
      <w id="s-2-w-29" pos="V-" lemma="." norm="">.</w>
    </s>
  </p>
  <p>
    <s id="s-1" lang="ang">
      <w id="s-1-w-1" pos="DU" lemma="Hīe" norm="Hie">Hīe</w>
      <w id="s-1-w-2" pos="V-" lemma="þā" norm="tha">þā</w>
      <w id="s-1-w-3" pos="PP" lemma="he" norm="hine">hine</w>
      <w id="s-1-w-4" pos="V-" lemma="āblęndon" norm="ablendon">āblęndon</w>
      <w id="s-1-w-5" pos="NE" lemma="," norm="">,</w>
      <w id="s-1-w-6" pos="C-" lemma="and" norm="and">and</w>
      <w id="s-1-w-7" pos="NE" lemma="ġebundenne" norm="gebundenne">ġebundenne</w>
      <w id="s-1-w-8" pos="V-" lemma="lædan" norm="laeddon">lǣddon</w>
      <w id="s-1-w-9" pos="R-" lemma="on" norm="on">on</w>
      <w id="s-1-w-10" pos="A-" lemma="heard" norm="heardum">heardum</w>
      <w id="s-1-w-11" pos="NB" lemma="racentēagum" norm="racenteagum">racentēagum</w>
      <w id="s-1-w-12" pos="NB" lemma="ham" norm="ham">hām</w>
      <w id="s-1-w-13" pos="V-" lemma="tō" norm="to">tō</w>
      <w id="s-1-w-14" pos="PS" lemma="hi" norm="hiera">hiera</w>
      <w id="s-1-w-15" pos="NB" lemma="burg" norm="byrig">byriġ</w>
      <w id="s-1-w-16" pos="NB" lemma="," norm="">,</w>
      <w id="s-1-w-17" pos="C-" lemma="and" norm="and">and</w>
      <w id="s-1-w-18" pos="R-" lemma="on" norm="on">on</w>
      <w id="s-1-w-19" pos="NB" lemma="cweartern" norm="cwearterne">cwearterne</w>
      <w id="s-1-w-20" pos="V-" lemma="belucan" norm="belucon">belucon</w>
      <w id="s-1-w-21" pos="PY" lemma="tō" norm="to">tō</w>
      <w id="s-1-w-22" pos="NB" lemma="lang" norm="langre">langre</w>
      <w id="s-1-w-23" pos="V-" lemma="fierste" norm="fierste">fierste</w>
      <w id="s-1-w-24" pos="NE" lemma=":" norm="">:</w>
      <w id="s-1-w-25" pos="V-" lemma="hatan" norm="heton">hēton</w>
      <w id="s-1-w-26" pos="PP" lemma="he" norm="hine">hine</w>
      <w id="s-1-w-27" pos="V-" lemma="grindan" norm="grindan">grindan</w>
      <w id="s-1-w-28" pos="R-" lemma="æt" norm="aet">æt</w>
      <w id="s-1-w-29" pos="PS" lemma="hi" norm="hiera">hiera</w>
      <w id="s-1-w-30" pos="NB" lemma="hand" norm="hand">hand</w>
      <w id="s-1-w-31" pos="NE" lemma="crist" norm="">-</w>
      <w id="s-1-w-32" pos="NB" lemma="cweorne" norm="cweorne">cweorne</w>
      <w id="s-1-w-33" pos="V-" lemma="." norm="">.</w>
    </s>
    <s id="s-2" lang="ang">
      <w id="s-2-w-1" pos="DF" lemma="Þā" norm="Tha">Þā</w>
      <w id="s-2-w-2" pos="V-" lemma="weaxan" norm="weoxon">wēoxon</w>
      <w id="s-2-w-3" pos="PS" lemma="he" norm="his">his</w>
      <w id="s-2-w-4" pos="NB" lemma="loccas" norm="loccas">loccas</w>
      <w id="s-2-w-5" pos="C-" lemma="and" norm="and">and</w>
      <w id="s-2-w-6" pos="PS" lemma="he" norm="his">his</w>
      <w id="s-2-w-7" pos="NB" lemma="miht" norm="miht">miht</w>
      <w id="s-2-w-8" pos="DF" lemma="eft" norm="eft">eft</w>
      <w id="s-2-w-9" pos="R-" lemma="on" norm="on">on</w>
      <w id="s-2-w-10" pos="PP" lemma="he" norm="him">him</w>
      <w id="s-2-w-11" pos="V-" lemma="." norm="">.</w>
    </s>
    <s id="s-3" lang="ang">
      <w id="s-3-w-1" pos="C-" lemma="and" norm="And">And</w>
      <w id="s-3-w-2" pos="PD" lemma="þā" norm="tha">þā</w>
      <w id="s-3-w-3" pos="NE" lemma="Philistēi" norm="Philistei">Philistēi</w>
      <w id="s-3-w-4" pos="V-" lemma="fullblīþe" norm="fullblithe">fullblīþe</w>
      <w id="s-3-w-5" pos="NB" lemma="beon" norm="waeron">wǣron</w>
      <w id="s-3-w-6" pos="DF" lemma=":" norm="">:</w>
      <w id="s-3-w-7" pos="V-" lemma="þancian" norm="thancodon">þancodon</w>
      <w id="s-3-w-8" pos="PS" lemma="hi" norm="hiera">hiera</w>
      <w id="s-3-w-9" pos="NE" lemma="god" norm="Gode">Gode</w>
      <w id="s-3-w-10" pos="NE" lemma="," norm="">,</w>
      <w id="s-3-w-11" pos="NE" lemma="dæg" norm="Dagon">Dagon</w>
      <w id="s-3-w-12" pos="NE" lemma="gehatan" norm="gehaten">ġehāten</w>
      <w id="s-3-w-13" pos="NB" lemma="," norm="">,</w>
      <w id="s-3-w-14" pos="NB" lemma="swelce" norm="swelce">swelce</w>
      <w id="s-3-w-15" pos="NB" lemma="hīe" norm="hie">hīe</w>
      <w id="s-3-w-16" pos="R-" lemma="þurh" norm="thurh">þurh</w>
      <w id="s-3-w-17" pos="PS" lemma="he" norm="his">his</w>
      <w id="s-3-w-18" pos="NB" lemma="fultum" norm="fultum">fultum</w>
      <w id="s-3-w-19" pos="PS" lemma="hi" norm="hiera">hiera</w>
      <w id="s-3-w-20" pos="NB" lemma="feond" norm="feond">fēond</w>
      <w id="s-3-w-21" pos="NE" lemma="ġewielden" norm="gewielden">ġewielden</w>
      <w id="s-3-w-22" pos="NE" lemma="." norm="">.</w>
    </s>
  </p>
  <p>
    <s id="s-1" lang="ang">
      <w id="s-1-w-1" pos="DF" lemma="Þā" norm="Tha">Þā</w>
      <w id="s-1-w-2" pos="NE" lemma="Philistēi" norm="Philistei">Philistēi</w>
      <w id="s-1-w-3" pos="PD" lemma="þā" norm="tha">þā</w>
      <w id="s-1-w-4" pos="NB" lemma="miċle" norm="micle">miċle</w>
      <w id="s-1-w-5" pos="NB" lemma="feorm" norm="feorme">feorme</w>
      <w id="s-1-w-6" pos="V-" lemma="gewyrcan" norm="geworhton">ġeworhton</w>
      <w id="s-1-w-7" pos="NE" lemma="," norm="">,</w>
      <w id="s-1-w-8" pos="C-" lemma="and" norm="and">and</w>
      <w id="s-1-w-9" pos="V-" lemma="gesamnian" norm="gesamnodon">ġesamnodon</w>
      <w id="s-1-w-10" pos="NB" lemma="hīe" norm="hie">hīe</w>
      <w id="s-1-w-11" pos="R-" lemma="on" norm="on">on</w>
      <w id="s-1-w-12" pos="NB" lemma="sumre" norm="sumre">sumre</w>
      <w id="s-1-w-13" pos="NB" lemma="ūp" norm="up">ūp</w>
      <w id="s-1-w-14" pos="NE" lemma="crist" norm="">-</w>
      <w id="s-1-w-15" pos="V-" lemma="flōra" norm="flora">flōra</w>
      <w id="s-1-w-16" pos="NE" lemma="," norm="">,</w>
      <w id="s-1-w-17" pos="PY" lemma="ealle" norm="ealle">ealle</w>
      <w id="s-1-w-18" pos="PY" lemma="þā" norm="tha">þā</w>
      <w id="s-1-w-19" pos="NB" lemma="dæg" norm="heafod">hēafod</w>
      <w id="s-1-w-20" pos="NE" lemma="crist" norm="">-</w>
      <w id="s-1-w-21" pos="NB" lemma="męnn" norm="menn">męnn</w>
      <w id="s-1-w-22" pos="NB" lemma="," norm="">,</w>
      <w id="s-1-w-23" pos="C-" lemma="and" norm="and">and</w>
      <w id="s-1-w-24" pos="NE" lemma="eacan" norm="eac">ēac</w>
      <w id="s-1-w-25" pos="NB" lemma="swelce" norm="swelce">swelce</w>
      <w id="s-1-w-26" pos="NB" lemma="wif" norm="wif">wīf</w>
      <w id="s-1-w-27" pos="NE" lemma="crist" norm="">-</w>
      <w id="s-1-w-28" pos="NB" lemma="męnn" norm="menn">męnn</w>
      <w id="s-1-w-29" pos="NE" lemma="," norm="">,</w>
      <w id="s-1-w-30" pos="PD" lemma="þrēo" norm="threo">þrēo</w>
      <w id="s-1-w-31" pos="A-" lemma="þūsend" norm="thusend">þūsend</w>
      <w id="s-1-w-32" pos="NB" lemma="mann" norm="manna">manna</w>
      <w id="s-1-w-33" pos="R-" lemma="on" norm="on">on</w>
      <w id="s-1-w-34" pos="PY" lemma="micel" norm="micelre">miċelre</w>
      <w id="s-1-w-35" pos="NB" lemma="blis" norm="blisse">blisse</w>
      <w id="s-1-w-36" pos="V-" lemma="." norm="">.</w>
    </s>
    <s id="s-2" lang="ang">
      <w id="s-2-w-1" pos="C-" lemma="and" norm="And">And</w>
      <w id="s-2-w-2" pos="PD" lemma="þā" norm="tha">þā</w>
      <w id="s-2-w-3" pos="NB" lemma="þā" norm="tha">þā</w>
      <w id="s-2-w-4" pos="NB" lemma="hīe" norm="hie">hīe</w>
      <w id="s-2-w-5" pos="V-" lemma="blīþost" norm="blithost">blīþost</w>
      <w id="s-2-w-6" pos="V-" lemma="beon" norm="waeron">wǣron</w>
      <w id="s-2-w-7" pos="NE" lemma="," norm="">,</w>
      <w id="s-2-w-8" pos="NB" lemma="þā" norm="tha">þā</w>
      <w id="s-2-w-9" pos="V-" lemma="biddan" norm="baedon">bǣdon</w>
      <w id="s-2-w-10" pos="DF" lemma="hīe" norm="hie">hīe</w>
      <w id="s-2-w-11" pos="PY" lemma="sum" norm="sume">sume</w>
      <w id="s-2-w-12" pos="PD" lemma="þæt" norm="thaet">þæt</w>
      <w id="s-2-w-13" pos="NE" lemma="Samson" norm="Samson">Samson</w>
      <w id="s-2-w-14" pos="NB" lemma="motan" norm="moste">mōste</w>
      <w id="s-2-w-15" pos="PP" lemma="he" norm="him">him</w>
      <w id="s-2-w-16" pos="V-" lemma="macian" norm="macian">macian</w>
      <w id="s-2-w-17" pos="PY" lemma="sum" norm="sum">sum</w>
      <w id="s-2-w-18" pos="V-" lemma="gamen" norm="gamen">gamen</w>
      <w id="s-2-w-19" pos="NB" lemma=";" norm="">;</w>
      <w id="s-2-w-20" pos="C-" lemma="and" norm="and">and</w>
      <w id="s-2-w-21" pos="PP" lemma="he" norm="hine">hine</w>
      <w id="s-2-w-22" pos="PX" lemma="man" norm="man">man</w>
      <w id="s-2-w-23" pos="V-" lemma="sōna" norm="sona">sōna</w>
      <w id="s-2-w-24" pos="V-" lemma="ġefętte" norm="gefette">ġefętte</w>
      <w id="s-2-w-25" pos="R-" lemma="mid" norm="mid">mid</w>
      <w id="s-2-w-26" pos="A-" lemma="swīþlicre" norm="swithlicre">swīþlicre</w>
      <w id="s-2-w-27" pos="NB" lemma="wāfunge" norm="wafunge">wāfunge</w>
      <w id="s-2-w-28" pos="NE" lemma="," norm="">,</w>
      <w id="s-2-w-29" pos="C-" lemma="and" norm="and">and</w>
      <w id="s-2-w-30" pos="V-" lemma="hatan" norm="heton">hēton</w>
      <w id="s-2-w-31" pos="PP" lemma="he" norm="hine">hine</w>
      <w id="s-2-w-32" pos="V-" lemma="standan" norm="standan">standan</w>
      <w id="s-2-w-33" pos="V-" lemma="betwix" norm="betwix">betwix</w>
      <w id="s-2-w-34" pos="PY" lemma="twæman" norm="twaem">twǣm</w>
      <w id="s-2-w-35" pos="NB" lemma="stǣnenum" norm="staenenum">stǣnenum</w>
      <w id="s-2-w-36" pos="NB" lemma="sweora" norm="sweorum">swēorum</w>
      <w id="s-2-w-37" pos="V-" lemma="." norm="">.</w>
    </s>
    <s id="s-3" lang="ang">
      <w id="s-3-w-1" pos="R-" lemma="on" norm="On">On</w>
      <w id="s-3-w-2" pos="PD" lemma="þǣm" norm="thaem">þǣm</w>
      <w id="s-3-w-3" pos="NB" lemma="twæman" norm="twaem">twǣm</w>
      <w id="s-3-w-4" pos="NB" lemma="sweora" norm="sweorum">swēorum</w>
      <w id="s-3-w-5" pos="V-" lemma="standan" norm="stod">stōd</w>
      <w id="s-3-w-6" pos="PD" lemma="þæt" norm="thaet">þæt</w>
      <w id="s-3-w-7" pos="NB" lemma="hus" norm="hus">hūs</w>
      <w id="s-3-w-8" pos="PY" lemma="eall" norm="eall">eall</w>
      <w id="s-3-w-9" pos="A-" lemma="wyrcan" norm="geworht">ġeworht</w>
      <w id="s-3-w-10" pos="NB" lemma="." norm="">.</w>
    </s>
    <s id="s-4" lang="ang">
      <w id="s-4-w-1" pos="C-" lemma="and" norm="And">And</w>
      <w id="s-4-w-2" pos="NE" lemma="Samson" norm="Samson">Samson</w>
      <w id="s-4-w-3" pos="NB" lemma="þā" norm="tha">þā</w>
      <w id="s-4-w-4" pos="V-" lemma="plegan" norm="plegode">plegode</w>
      <w id="s-4-w-5" pos="V-" lemma="swīþe" norm="swithe">swīþe</w>
      <w id="s-4-w-6" pos="PP" lemma="he" norm="him">him</w>
      <w id="s-4-w-7" pos="R-" lemma="ætforan" norm="aetforan">ætforan</w>
      <w id="s-4-w-8" pos="NB" lemma=";" norm="">;</w>
      <w id="s-4-w-9" pos="C-" lemma="and" norm="and">and</w>
      <w id="s-4-w-10" pos="V-" lemma="ġelǣhte" norm="gelaehte">ġelǣhte</w>
      <w id="s-4-w-11" pos="PD" lemma="þā" norm="tha">þā</w>
      <w id="s-4-w-12" pos="NB" lemma="swēoras" norm="sweoras">swēoras</w>
      <w id="s-4-w-13" pos="R-" lemma="mid" norm="mid">mid</w>
      <w id="s-4-w-14" pos="NB" lemma="swīþlicre" norm="swithlicre">swīþlicre</w>
      <w id="s-4-w-15" pos="NB" lemma="miht" norm="mihte">mihte</w>
      <w id="s-4-w-16" pos="V-" lemma="," norm="">,</w>
      <w id="s-4-w-17" pos="C-" lemma="and" norm="and">and</w>
      <w id="s-4-w-18" pos="A-" lemma="slean" norm="slog">slōg</w>
      <w id="s-4-w-19" pos="NB" lemma="hīe" norm="hie">hīe</w>
      <w id="s-4-w-20" pos="V-" lemma="tōgædre" norm="togaedre">tōgædre</w>
      <w id="s-4-w-21" pos="PD" lemma="þæt" norm="thaet">þæt</w>
      <w id="s-4-w-22" pos="NB" lemma="hīe" norm="hie">hīe</w>
      <w id="s-4-w-23" pos="NB" lemma="sōna" norm="sona">sōna</w>
      <w id="s-4-w-24" pos="V-" lemma="toberstan" norm="toburston">tōburston</w>
      <w id="s-4-w-25" pos="NB" lemma=";" norm="">;</w>
      <w id="s-4-w-26" pos="C-" lemma="and" norm="and">and</w>
      <w id="s-4-w-27" pos="PD" lemma="þæt" norm="thaet">þæt</w>
      <w id="s-4-w-28" pos="NB" lemma="hus" norm="hus">hūs</w>
      <w id="s-4-w-29" pos="PD" lemma="þā" norm="tha">þā</w>
      <w id="s-4-w-30" pos="NB" lemma="āfēoll" norm="afeoll">āfēoll</w>
      <w id="s-4-w-31" pos="PY" lemma="eall" norm="eall">eall</w>
      <w id="s-4-w-32" pos="NE" lemma="," norm="">,</w>
      <w id="s-4-w-33" pos="NB" lemma="þǣm" norm="thaem">þǣm</w>
      <w id="s-4-w-34" pos="G-" lemma="folc" norm="folce">folce</w>
      <w id="s-4-w-35" pos="PY" lemma="tō" norm="to">tō</w>
      <w id="s-4-w-36" pos="NB" lemma="deaþ" norm="deathe">dēaþe</w>
      <w id="s-4-w-37" pos="NB" lemma="," norm="">,</w>
      <w id="s-4-w-38" pos="C-" lemma="and" norm="and">and</w>
      <w id="s-4-w-39" pos="NE" lemma="Samson" norm="Samson">Samson</w>
      <w id="s-4-w-40" pos="NB" lemma="forþ" norm="forth">forþ</w>
      <w id="s-4-w-41" pos="R-" lemma="mid" norm="mid">mid</w>
      <w id="s-4-w-42" pos="NB" lemma="," norm="">,</w>
      <w id="s-4-w-43" pos="NB" lemma="swā" norm="swa">swā</w>
      <w id="s-4-w-44" pos="G-" lemma="þæt" norm="thaet">þæt</w>
      <w id="s-4-w-45" pos="PP" lemma="hē" norm="he">hē</w>
      <w id="s-4-w-46" pos="NB" lemma="miċle" norm="micle">miċle</w>
      <w id="s-4-w-47" pos="V-" lemma="mā" norm="ma">mā</w>
      <w id="s-4-w-48" pos="R-" lemma="on" norm="on">on</w>
      <w id="s-4-w-49" pos="PS" lemma="he" norm="his">his</w>
      <w id="s-4-w-50" pos="NB" lemma="deaþ" norm="deathe">dēaþe</w>
      <w id="s-4-w-51" pos="V-" lemma="ācwealde" norm="acwealde">ācwealde</w>
      <w id="s-4-w-52" pos="DF" lemma="se" norm="thonne">þonne</w>
      <w id="s-4-w-53" pos="NB" lemma="hē" norm="he">hē</w>
      <w id="s-4-w-54" pos="NE" lemma="ǣr" norm="aer">ǣr</w>
      <w id="s-4-w-55" pos="NB" lemma="cwic" norm="cwic">cwic</w>
      <w id="s-4-w-56" pos="V-" lemma="don" norm="dyde">dyde</w>
      <w id="s-4-w-57" pos="NE" lemma="." norm="">.</w>
    </s>
  </p>
</text>
